"learning_rate","0.0001"
"0","476.6538143157959"
"1","461.6055488586426"
