"learning_rate","0.0001"
"0","26693.426370620728"
"1","25975.074291229248"
