"layer_units_num","16","32","64","128","256"
"0","81024.38473701477","81073.59409332275","80019.57082748413","80381.1981678009","78532.16600418091"
