"layer_units_num","16","32","64","128","256"
"0","699.0201473236084","698.0230808258057","695.2509880065918","694.0422058105469","685.0903034210205"
