"learning_rate","0.01","0.001"
"0","150259.17434692383","139820.89948654175"
"1","139364.32337760925","139883.74304771423"
