"learning_rate","0.01","0.001"
"0","231.69255256652832","174.30686950683594"
"1","174.40223693847656","174.21960830688477"
