"batch_epoch_num","10","5"
"0","9587.790966033936","9481.603860855103"
"1","9811.486959457397","9485.323190689087"
