"batch_epoch_num","10","5"
"0","89.00928497314453","164.11709785461426"
"1","93.06621551513672","169.19255256652832"
