"learning_rate","0.001","0.0001"
"0","8602.69021987915","7417.722702026367"
"1","7856.355428695679","7571.012020111084"
