"learning_rate","0.001","0.0001"
"0","145.27177810668945","119.21000480651855"
"1","130.04136085510254","125.29468536376953"
