"batch_epoch_num","10","5"
"0","6642.325878143311","6006.2549114227295"
"1","6355.052947998047","6003.5200119018555"
