"batch_epoch_num","10","5"
"0","76.60698890686035","122.39933013916016"
"1","72.52931594848633","122.94316291809082"
