"learning_rate","0.001","0.0001"
"0","10995.490312576294","10493.005514144897"
"1","10490.638256072998","10508.507251739502"
