"learning_rate","0.001","0.0001"
"0","135.4668140411377","149.12676811218262"
"1","140.78855514526367","108.8111400604248"
