"batch_epoch_num","10","5"
"0","206.50029182434082","358.8976860046387"
"1","195.6799030303955","355.53860664367676"
