"batch_epoch_num","10","5"
"0","8247.09963798523","7929.96072769165"
"1","7722.798585891724","7815.903186798096"
