"learning_rate","0.0001"
"0","11276.66425704956"
"1","10894.173860549927"
