"learning_rate","0.0001"
"0","121.28329277038574"
"1","122.67231941223145"
