"learning_rate","0.001","0.0001"
"0","7980.384349822998","7916.5050983428955"
"1","7903.0601978302","7905.512571334839"
