"learning_rate","0.001","0.0001"
"0","129.40669059753418","128.30328941345215"
"1","125.28061866760254","122.94697761535645"
