"batch_epoch_num","10","5"
"0","108.11328887939453","227.81133651733398"
"1","127.48599052429199","215.55519104003906"
