"batch_epoch_num","10","5"
"0","5159.82985496521","6762.985706329346"
"1","7043.357610702515","5635.879278182983"
