"learning_rate","0.001","0.0001"
"0","14624.923706054688","14420.377731323242"
"1","14687.408447265625","14041.35251045227"
