"learning_rate","0.001","0.0001"
"0","395.6937789916992","402.4515151977539"
"1","394.7939872741699","384.42468643188477"
