"layer_units_num","16","32","64","128","256"
"0","10496.346950531006","10641.09182357788","10522.643566131592","10748.29125404358","10686.848878860474"
