"layer_units_num","16","32","64","128","256"
"0","82137.3872756958","95354.87818717957","87948.22096824646","107460.74628829956","134092.271566391"
