"learning_rate","0.0001"
"0","137.09330558776855"
"1","130.3694248199463"
