"learning_rate","0.0001"
"0","23405.625104904175"
"1","23022.78995513916"
