"learning_rate","0.001","0.0001"
"0","10073.224067687988","9531.402349472046"
"1","9994.555234909058","9782.495260238647"
