"learning_rate","0.001","0.0001"
"0","100.21400451660156","103.50465774536133"
"1","108.43253135681152","110.05592346191406"
