"learning_rate","0.001","0.0001"
"0","139.15085792541504","132.98845291137695"
"1","130.9671401977539","139.5719051361084"
