"learning_rate","0.001","0.0001"
"0","13157.175302505493","11852.885961532593"
"1","11784.983396530151","13010.725975036621"
