"learning_rate","0.001","0.0001"
"0","100.82650184631348","122.57957458496094"
"1","111.29212379455566","98.88648986816406"
