"learning_rate","0.001","0.0001"
"0","11338.757991790771","15359.253406524658"
"1","15210.612297058105","10174.53932762146"
