"learning_rate","0.001","0.0001"
"0","308.4864616394043","269.9902057647705"
"1","288.98024559020996","267.8966522216797"
