"learning_rate","0.001","0.0001"
"0","28894.191026687622","18092.87405014038"
"1","21510.97083091736","17955.44385910034"
